Identifier,Station Number,Lat,Lon,Name,Start,End
AEM00041217,41217,24.4333,54.65,ABU DHABI INTERNATIONAL AIRPOR,1983,2020
AFM00040948,40948,34.55,69.2167,KABUL AIRPORT,1961,2020
AGM00060390,60390,36.6833,3.2167,DAR-EL-BEIDA,1948,2020
AGM00060571,60571,31.5,-2.25,BECHAR,1948,2020
AGM00060630,60630,27.2333,2.5,IN-SALAH,1964,2020
AGM00060656,60656,27.7,-8.1667,TINDOUF,1973,2020
AGM00060680,60680,22.8,5.4333,TAMANRASSET,1934,2020
AMM00037789,37789,40.2169,44.5017,YEREVAN AERO,1949,2020
AQM00091765,91765,-14.3383,-170.7192,PAGO PAGO/INT.AIRP. AMERICAN S,1966,2020
ARM00087155,87155,-27.45,-59.05,RESISTENCIA AERO,1961,2020
ARM00087344,87344,-31.3167,-64.2167,CORDOBA AERO,1959,2020
ARM00087418,87418,-32.8333,-68.7833,MENDOZA AERO,1974,2020
ARM00087576,87576,-34.8167,-58.5333,EZEIZA AERO,1957,2020
ARM00087623,87623,-36.5667,-64.2667,SANTA ROSA AERO,1965,2020
ARM00087715,87715,-38.95,-68.1333,NEUQUEN AERO,1957,2020
ARM00087860,87860,-45.7833,-67.5,COMODORO RIVADAVIA AERO,1958,2020
ASM00094120,94120,-12.4239,130.8925,DARWIN AIRPORT,1943,2020
ASM00094150,94150,-12.2742,136.8203,GOVE AIRPORT,1985,2020
ASM00094170,94170,-12.6778,141.9208,WEIPA AERO,1993,2020
ASM00094203,94203,-17.9475,122.2353,BROOME AIRPORT,1950,2020
ASM00094294,94294,-19.2483,146.7661,TOWNSVILLE AERO,1943,2020
ASM00094299,94299,-16.2833,149.965,WILLIS ISLAND,1947,2020
ASM00094302,94302,-22.2406,114.0967,LEARMONTH AIRPORT,1975,2020
ASM00094312,94312,-20.3725,118.6317,PORT HEDLAND AIRPORT,1950,2020
ASM00094326,94326,-23.795,133.8889,ALICE SPRINGS AIRPORT,1946,2020
ASM00094332,94332,-20.6778,139.4875,MOUNT ISA AERO,1975,2020
ASM00094374,94374,-23.3753,150.4775,ROCKHAMPTON AERO,1943,2020
ASM00094403,94403,-28.8044,114.6989,GERALDTON AIRPORT,1950,2020
ASM00094430,94430,-26.6136,118.5372,MEEKATHARRA AIRPORT,1951,2020
ASM00094461,94461,-25.0342,128.3011,GILES METEOROLOGICAL OFFICE,1956,2020
ASM00094510,94510,-26.4139,146.2558,CHARLEVILLE AERO,1942,2020
ASM00094578,94578,-27.3917,153.1292,BRISBANE AERO,1943,2020
ASM00094610,94610,-31.9275,115.9764,PERTH AIRPORT,1948,2020
ASM00094637,94637,-30.7847,121.4533,KALGOORLIE-BOULDER AIRPORT,1950,2020
ASM00094638,94638,-33.83,121.8925,ESPERANCE,1969,2020
ASM00094653,94653,-32.1297,133.6975,CEDUNA AMO,1950,2020
ASM00094659,94659,-31.1558,136.8053,WOOMERA AERODROME,1949,2020
ASM00094672,94672,-34.9525,138.5203,ADELAIDE AIRPORT,1945,2020
ASM00094711,94711,-31.4839,145.8294,COBAR MO,1962,2020
ASM00094750,94750,-34.9469,150.5353,NOWRA RAN AIR STATION AWS,1950,2020
ASM00094767,94767,-33.9464,151.1731,SYDNEY AIRPORT AMO,1946,2020
ASM00094776,94776,-32.7933,151.8358,WILLIAMTOWN RAAF,1944,2020
ASM00094802,94802,-34.9414,117.8022,ALBANY AIRPORT,1965,2020
ASM00094821,94821,-37.7472,140.7739,MOUNT GAMBIER AERO,1945,2020
ASM00094866,94866,-37.6656,144.8322,MELBOURNE AIRPORT,1946,2020
ASM00094910,94910,-35.1583,147.4572,WAGGA WAGGA AMO,1946,2020
ASM00094975,94975,-42.8339,147.5033,HOBART AIRPORT,1953,2020
ASM00094995,94995,-31.5422,159.0786,LORD HOWE ISLAND AERO,1950,2020
ASM00094998,94998,-54.4994,158.937,MACQUARIE ISLAND,1948,2020
ASM00095527,95527,-29.4897,149.8472,MOREE AERO,1964,2020
AYM00089002,89002,-70.6667,-8.25,NEUMAYER,1984,2020
AYM00089009,89009,-90,0,AMUNDSEN-SCOTT,1961,2020
AYM00089022,89022,-75.445,-26.2181,HALLEY,1957,2020
AYM00089055,89055,-64.2333,-56.7167,BASE MARAMBIO,1982,2020
AYM00089062,89062,-67.5661,-68.1297,ROTHERA,2002,2020
AYM00089532,89532,-69.0053,39.5811,SYOWA,1959,2020
AYM00089564,89564,-67.6017,62.8753,MAWSON,1954,2020
AYM00089571,89571,-68.5744,77.9672,DAVIS,1957,2020
AYM00089592,89592,-66.5519,93.0147,MIRNYJ,1957,2020
AYM00089611,89611,-66.2825,110.5231,CASEY,1957,2020
AYM00089625,89625,-75.1017,123.4119,CONCORDIA,2006,2020
AYM00089642,89642,-66.6631,140.0011,DUMONT D'URVILLE,1951,2020
AYM00089662,89662,-74.6958,164.0922,MARIO ZUCHELLI STATION,1987,2020
AYM00089664,89664,-77.85,166.6667,MCMURDO,1956,2020
BBM00078954,78954,13.0667,-59.4833,GRANTLEY ADAMS,1965,2020
BDM00078016,78016,32.3669,-64.6772,L F WADE INTERNATIONAL AIRPORT,1946,2020
BEM00006458,06458,50.7456,4.7633,BEAUVECHAIN,2005,2020
BFM00078073,78073,25.05,-77.4667,NASSAU AIRPORT NEW PROVIDENCE,1977,2020
BGM00041859,41859,25.7333,89.2333,RANGPUR,1929,2020
BGM00041883,41883,24.85,89.3667,BOGRA,1949,2020
BGM00041891,41891,24.9,91.8833,SYLHET,1953,2020
BGM00041907,41907,24.1333,89.05,ISHWARDI,1976,2020
BGM00041923,41923,23.7667,90.3833,DHAKA,1938,2020
BGM00041936,41936,23.1833,89.1667,JESSORE,1982,2020
BGM00041943,41943,23.0333,91.4167,FENI,1982,2020
BGM00041950,41950,22.75,90.3667,BARISAL,1977,2020
BGM00041977,41977,22.35,91.8167,CHITTAGONG (AMBAGAN),1928,2020
BGM00041992,41992,21.4333,91.9333,COX'S BAZAR,1951,2020
BHM00078583,78583,17.5333,-88.3,BELIZE/PHILLIP GOLDSTON INTL.,1980,2020
BNM00065344,65344,6.35,2.3833,COTONOU,1940,2020
BOM00033008,33008,52.1167,23.6833,BREST,1951,2020
BOM00033041,33041,52.4019,30.9631,GOMEL,1970,2020
BRM00082022,82022,2.8333,-60.7,BOA VISTA (AERO),1977,2020
BRM00082026,82026,2.2239,-55.9472,TIRIOS,2006,2020
BRM00082099,82099,0.05,-51.0667,MACAPA (AERO),2005,2020
BRM00082107,82107,-0.1167,-66.9667,SAO GABRIEL DA CACHOEIRA,2008,2020
BRM00082193,82193,-1.3833,-48.4833,BELEM (AERO),1943,2020
BRM00082244,82244,-2.4333,-54.7167,SANTAREM (AERO),1973,2020
BRM00082281,82281,-2.6,-44.2333,SAO LUIZ (AERO),1971,2020
BRM00082332,82332,-3.15,-59.9833,MANAUS (AERO),1967,2020
BRM00082400,82400,-3.85,-32.4167,FERNANDO DE NORONHA,1958,2020
BRM00082411,82411,-4.25,-69.9333,TABATINGA (AERO),2006,2020
BRM00082532,82532,-5.8167,-61.2833,MANICORE (AERO),2006,2020
BRM00082599,82599,-5.9167,-35.25,NATAL (AERO),1943,2020
BRM00082705,82705,-7.5833,-72.7667,CRUZEIRO DO SUL (AERO),2004,2020
BRM00082765,82765,-7.3333,-47.4667,CAROLINA,1970,2020
BRM00082824,82824,-8.7667,-63.9167,PORTO VELHO (AERO),1977,2020
BRM00082917,82917,-10,-67.8,RIO BRANCO (AERO),2004,2020
BRM00082965,82965,-9.8667,-56.1,ALTA FLORESTA (AERO),1987,2020
BRM00082983,82983,-9.3833,-40.4833,PETROLINA,1970,2020
BRM00083208,83208,-12.7,-60.1,VILHENA (AERO),1967,2020
BRM00083362,83362,-15.65,-56.1,CUIABA (AERO),1974,2020
BRM00083378,83378,-15.8667,-47.9333,BRASILIA (AERO),1966,2020
BRM00083525,83525,-18.8833,-48.2167,UBERLANDIA (AERO),2006,2020
BRM00083554,83554,-19,-57.6667,CORUMBA (AERO),2002,2020
BRM00083566,83566,-19.6167,-43.9667,CONFINS (AERO),1973,2020
BRM00083612,83612,-20.4667,-54.6667,CAMPO GRANDE (AERO),1966,2020
BRM00083649,83649,-20.2667,-40.2833,VITORIA (AERO),1973,2020
BRM00083746,83746,-22.8167,-43.25,GALEAO,1961,2020
BRM00083768,83768,-23.3333,-51.1333,LONDRINA (AERO),1973,2020
BRM00083779,83779,-23.5,-46.6333,MARTE (AERO),2000,2020
BRM00083827,83827,-25.5167,-54.5833,FOZ DO IGUACU (AERO),1974,2020
BRM00083840,83840,-25.5167,-49.1667,CURITIBA (AERO),1965,2020
BRM00083899,83899,-27.6667,-48.55,FLORIANOPOLIS (AERO),1973,2020
BRM00083928,83928,-29.7833,-57.0333,URUGUAIANA (AERO),1973,2020
BRM00083937,83937,-29.7167,-53.7,SANTA MARIA (AERO),2006,2020
BRM00083971,83971,-30,-51.1833,PORTO ALEGRE (AERO),1950,2020
BUM00015614,15614,42.65,23.3833,SOFIA (OBSERV.),1955,2020
BXM00096315,96315,4.9333,114.9333,BRUNEI AIRPORT,1981,2020
CAM00071043,71043,65.2833,-126.75,NORMAN WELLS UA,1951,2020
CAM00071081,71081,68.7667,-81.2167,HALL BEACH UA,1957,2020
CAM00071082,71082,82.5,-62.3333,ALERT UA,1950,2020
CAM00071109,71109,50.685,-127.3758,PORT HARDY UA,1951,2020
CAM00071119,71119,53.5475,-114.1083,EDMONTON STONY PLAIN,1946,2020
CAM00071603,71603,43.8667,-66.1,YARMOUTH UA,1988,2020
CAM00071701,71701,45.8333,-66.4333,GAGETOWN A,1971,2020
CAM00071722,71722,46.3019,-76.0061,MANIWAKI UA,1954,2020
CAM00071802,71802,47.5167,-52.7833,ST JOHN'S WEST UA,2009,2020
CAM00071811,71811,50.2167,-66.25,SEPT-ILES UA,1954,2020
CAM00071815,71815,48.5667,-58.5667,STEPHENVILLE UA,1946,2020
CAM00071816,71816,53.3,-60.3667,GOOSE UA,1946,2020
CAM00071823,71823,53.7572,-73.6792,LA GRANDE IV UA,1985,2020
CAM00071836,71836,51.2667,-80.65,MOOSONEE UA,1954,2020
CAM00071845,71845,51.45,-90.2,PICKLE LAKE UA,1992,2020
CAM00071867,71867,53.9667,-101.1,THE PAS UA,1954,2020
CAM00071906,71906,58.1167,-68.4167,KUUJJUAQ,1947,2020
CAM00071907,71907,58.4667,-78.0833,INUKJUAK UA,1950,2020
CAM00071908,71908,53.9,-122.79,PRINCE GEORGE UA,2000,2020
CAM00071909,71909,63.75,-68.55,IQALUIT UA,1946,2020
CAM00071913,71913,58.7333,-94.0667,CHURCHILL A UA,1950,2020
CAM00071917,71917,79.9833,-85.9333,EUREKA UA,1948,2020
CAM00071924,71924,74.7042,-94.9681,RESOLUTE UA,1948,2020
CAM00071925,71925,69.1333,-105.0667,CAMBRIDGE BAY UA,1962,2020
CAM00071926,71926,64.3167,-96,BAKER LAKE UA,1949,2020
CAM00071934,71934,60.0261,-111.9294,FORT SMITH UA,1954,2020
CAM00071945,71945,58.8333,-122.6,FORT NELSON UA,1954,2020
CAM00071957,71957,68.3167,-133.5167,INUVIK UA,1960,2020
CAM00071964,71964,60.7328,-135.0969,WHITEHORSE UA,1954,2020
CEM00043413,43413,8.9833,79.9167,MANNAR,1938,2020
CEM00043418,43418,8.5833,81.25,TRINCOMALEE,1973,2020
CEM00043466,43466,6.9,79.8667,COLOMBO,1939,2020
CFM00064400,64400,-4.8167,11.9,POINTE-NOIRE,1947,2020
CFM00064450,64450,-4.25,15.25,BRAZZAVILLE /MAYA-MAYA,1973,2020
CHM00050527,50527,49.25,119.7,HAILAR,1956,2020
CHM00050557,50557,49.1667,125.2333,NENJIANG,1956,2020
CHM00050774,50774,47.7167,128.8333,YICHUN,1973,2020
CHM00050953,50953,45.9333,126.5667,HARBIN,1958,2020
CHM00051076,51076,47.7333,88.0833,ALTAY,1958,2020
CHM00051431,51431,43.95,81.3333,YINING,1956,2020
CHM00051463,51463,43.7833,87.6167,WU LU MU QI,1956,2020
CHM00051644,51644,41.7167,82.95,KUQA,1957,2020
CHM00051709,51709,39.4833,75.75,KASHI,1956,2020
CHM00051777,51777,39.0333,88.1667,RUOQIANG,1956,2020
CHM00051828,51828,37.1333,79.9333,HOTAN,1957,2020
CHM00051839,51839,37.0667,82.7167,MINFENG,1973,2020
CHM00052203,52203,42.8167,93.5167,HAMI,1957,2020
CHM00052267,52267,41.95,101.0667,EJIN QI,1957,2020
CHM00052323,52323,41.8,97.0333,MAZONG SHAN,1963,2020
CHM00052418,52418,40.15,94.6833,DUNHUANG,1957,2020
CHM00052533,52533,39.7667,98.4833,JIUQUAN,1956,2020
CHM00052681,52681,38.6333,103.0833,MINQIN,1957,2020
CHM00052818,52818,36.4167,94.9,GOLMUD,1957,2020
CHM00052836,52836,36.3,98.1,DOULAN,1956,2020
CHM00052866,52866,36.7167,101.75,XINING,1958,2020
CHM00052983,52983,35.8667,104.15,YU ZHONG,2001,2020
CHM00053068,53068,43.6333,111.95,ERENHOT,1973,2020
CHM00053336,53336,41.5667,108.5167,HALIUT,1973,2020
CHM00053463,53463,40.85,111.5667,HOHHOT,1956,2020
CHM00053513,53513,40.7333,107.3667,LINHE,1973,2020
CHM00053543,53543,39.8333,109.9833,DONGSHENG,1963,2020
CHM00053614,53614,38.4667,106.2,YINCHUAN,1957,2020
CHM00053772,53772,37.6206,112.5767,TAIYUAN,1956,2020
CHM00053798,53798,37.1808,114.3589,XINGTAI,1967,2020
CHM00053845,53845,36.5667,109.45,YAN AN,1956,2020
CHM00053915,53915,35.55,106.6667,PINGLIANG,1959,2020
CHM00054102,54102,43.95,116.1167,XILIN HOT,1956,2020
CHM00054135,54135,43.6,122.2667,TONGLIAO,1959,2020
CHM00054161,54161,43.9,125.2167,CHANGCHUN,1956,2020
CHM00054218,54218,42.3,118.8333,CHIFENG,1956,2020
CHM00054292,54292,42.8667,129.5,YANJI,1956,2020
CHM00054374,54374,41.8,126.8833,LINJIANG,1959,2020
CHM00054401,54401,40.7833,114.8833,ZHANGJIAKOU,1973,2020
CHM00054511,54511,39.9333,116.2833,BEIJING,1956,2020
CHM00054662,54662,38.9,121.6333,DALIAN,1944,2020
CHM00054727,54727,36.7,117.55,ZHANGQIU,2003,2020
CHM00054857,54857,36.0667,120.3333,QINGDAO,1956,2020
CHM00055299,55299,31.4833,92.0667,NAGQU,1957,2020
CHM00055591,55591,29.6667,91.1333,LHASA,1957,2020
CHM00056029,56029,33,96.95,YUSHU,1959,2020
CHM00056080,56080,35,102.9,HEZUO,1960,2020
CHM00056137,56137,31.15,97.1667,QAMDO,1957,2020
CHM00056146,56146,31.6167,100,GARZE,1957,2020
CHM00056187,56187,30.75,103.8667,WENJIANG,2004,2020
CHM00056571,56571,27.9,102.2667,XICHANG,1956,2020
CHM00056691,56691,26.8667,104.2833,WEINING,1960,2020
CHM00056739,56739,24.9844,98.5056,TENGCHONG,1956,2020
CHM00056778,56778,25.0167,102.6833,KUNMING,1956,2020
CHM00056964,56964,22.7667,100.9833,SIMAO,1957,2020
CHM00056985,56985,23.4444,103.3278,MENGZI,1973,2020
CHM00057083,57083,34.7167,113.65,ZHENGZHOU,1956,2020
CHM00057127,57127,33.0667,107.0333,HANZHONG,1959,2020
CHM00057131,57131,34.4333,108.9667,JINGHE,2007,2020
CHM00057178,57178,33.1,112.4833,NANYANG,1967,2020
CHM00057447,57447,30.2833,109.4667,ENSHI,1959,2020
CHM00057461,57461,30.7333,111.3667,YICHANG,1956,2020
CHM00057494,57494,30.6,114.05,WUHAN,1946,2020
CHM00057516,57516,29.6,106.4,CHONGQING,1957,2020
CHM00057749,57749,27.5667,110,HUAIHUA,1956,2020
CHM00057816,57816,26.4833,106.65,GUIYANG,1956,2020
CHM00057957,57957,25.3333,110.3,GUILIN,1957,2020
CHM00057972,57972,25.7353,112.9739,CHENZHOU,1956,2020
CHM00057993,57993,25.8667,115,GANZHOU,1956,2020
CHM00058027,58027,34.2833,117.15,XUZHOU,1956,2020
CHM00058150,58150,33.75,120.3,SHEYANG,1964,2020
CHM00058203,58203,32.8667,115.7333,FUYANG,1957,2020
CHM00058238,58238,31.9333,118.9,NANJING,1930,2020
CHM00058362,58362,31.4167,121.45,SHANGHAI (BAOSHAN),1956,2020
CHM00058424,58424,30.6167,116.9667,ANQING,1960,2020
CHM00058457,58457,30.2333,120.1667,HANGZHOU,1960,2020
CHM00058606,58606,28.6,115.9167,NANCHANG,1957,2020
CHM00058633,58633,28.9667,118.8667,QU XIAN,1956,2020
CHM00058665,58665,28.6167,121.4167,HONGJIA,1991,2020
CHM00058725,58725,27.3333,117.4667,SHAOWU,1958,2020
CHM00058847,58847,26.0833,119.2833,FUZHOU,1956,2020
CHM00059023,59023,24.7,108.0333,HECHI,1973,2020
CHM00059134,59134,24.4833,118.0833,XIAMEN,1958,2020
CHM00059211,59211,23.9,106.6,BAISE,1957,2020
CHM00059265,59265,23.4833,111.3,WUZHOU,1957,2020
CHM00059280,59280,23.7,113.0833,QINGYUAN,1997,2020
CHM00059293,59293,23.8,114.7333,HEYUAN,2015,2020
CHM00059316,59316,23.35,116.6667,SHANTOU,1957,2020
CHM00059431,59431,22.6333,108.2167,NANNING,1956,2020
CHM00059663,59663,21.8333,111.9667,YANGJIANG,1966,2020
CHM00059758,59758,20,110.25,HAIKOU,1956,2020
CHM00059948,59948,18.2167,109.5833,SANYA,1973,2020
CIM00085442,85442,-23.4503,-70.4408,ANTOFAGASTA,1957,2020
CIM00085469,85469,-27.1606,-109.4267,ISLA DE PASCUA,1966,2020
CIM00085586,85586,-33.6547,-71.6144,SANTO DOMINGO,1999,2020
CIM00085799,85799,-41.4347,-73.0975,PUERTO MONTT,1957,2020
CIM00085934,85934,-53.0033,-70.845,PUNTA ARENAS,1975,2020
CJM00078384,78384,19.2917,-81.3583,OWEN ROBERTS AIRPORT GRAND CAY,1956,2020
CKM00096996,96996,-12.1892,96.8344,COCOS ISLAND AERO,1952,2020
CMM00064870,64870,7.35,13.5667,NGAOUNDERE,1973,2020
CMM00064910,64910,4.0167,9.7,DOUALA R.S.,1953,2020
CNM00067002,67002,-11.5333,43.2667,HAHAYA INT. AIRPORT,1982,2020
COM00080001,80001,12.5833,-81.7167,SAN ANDRES (ISLA)/SESQUICENTEN,1956,2020
COM00080222,80222,4.7,-74.15,BOGOTA/ELDORADO,1960,2020
COM00080259,80259,3.55,-76.3833,CALI/ALFONSO BONILLA ARAGON,2016,2020
COM00080398,80398,-4.1667,-69.95,LETICIA/VASQUEZ COBO,1986,2020
CSM00078762,78762,9.9833,-84.1833,JUAN SANTAMARIA INT. AIRPORT,1972,2020
CTM00064650,64650,4.4,18.5167,BANGUI,1950,2020
CYM00017600,17600,34.7194,32.4847,PAPHOS AP,1973,2020
CYM00017609,17609,34.8733,33.6172,LARNACA AIRPORT,1978,2020
DAM00006060,06060,56.2933,9.1139,FLYVESTATION KARUP,1999,2020
DRM00078486,78486,18.4333,-69.8833,SANTO DOMINGO,1962,2020
ECM00084203,84203,-2.1581,-79.8839,GUAYAQUIL AEROPUERTO,1957,2020
EGM00062306,62306,31.3253,27.2217,MERSA MATRUH,1934,2020
EGM00062337,62337,31.0733,33.8358,EL ARISH,1950,2020
EGM00062378,62378,29.8628,31.3492,HELWAN,1920,2020
EGM00062414,62414,23.9644,32.82,ASSWAN,1936,2020
EGM00062423,62423,27.0583,27.9892,FARAFRA,1953,2020
EIM00003953,03953,51.9381,-10.2433,VALENTIA OBSERVATORY,1949,2020
ENM00026038,26038,59.3981,24.6028,TALLINN-HARKU,1947,2020
EZM00011520,11520,50.0078,14.4469,PRAHA-LIBUS,1969,2020
EZM00011747,11747,49.4525,17.1347,PROSTEJOV,2003,2020
FIM00002836,02836,67.3667,26.6289,SODANKYLA ARCTIC RESEARCH CENT,1920,2020
FIM00002963,02963,60.8139,23.4975,JOKIOINEN OBSERVATORY,1957,2020
FJM00091680,91680,-17.75,177.45,NADI AIRPORT,1949,2020
FKM00088889,88889,-51.82,-58.4481,MOUNT PLEASANT AIRPORT,1990,2020
FMM00091334,91334,7.45,151.8333,TRUK/CAROLINE IS.,1951,2020
FMM00091348,91348,6.95,158.2,PONAPE/CAROLINE IS.,1950,2020
FMM00091413,91413,9.4833,138.0667,YAP/CAROLINE IS.,1949,2020
FOM00006011,06011,62.0231,-6.7647,TORSHAVN,1949,2020
FPM00091925,91925,-9.8061,-139.0356,HIVA-OA,1968,2020
FPM00091948,91948,-23.1303,-134.9653,MANGAREVA,1970,2020
FPM00091958,91958,-27.6183,-144.3347,RAPA,1967,2020
FRM00007110,07110,48.4442,-4.4119,BREST-GUIPAVAS,1940,2020
FRM00007145,07145,48.7744,2.0097,TRAPPES,1949,2020
FRM00007510,07510,44.8306,-0.6914,BORDEAUX MERIGNAC,1920,2020
FRM00007645,07645,43.8569,4.4064,NIMES-COURBESSAC,1949,2020
FRM00007761,07761,41.9181,8.7928,AJACCIO,1951,2020
GBM00064500,64500,0.45,9.4167,LIBREVILLE,1973,2020
GLM00004220,04220,68.7081,-52.8517,AASIAAT (EGEDESMINDE),1950,2020
GLM00004270,04270,61.1667,-45.4167,MITTARFIK NARSARSUAQ,1946,2020
GLM00004320,04320,76.7694,-18.6681,DANMARKSHAVN,1950,2020
GLM00004339,04339,70.4844,-21.9511,ITTOQQORTOORMIIT,1946,2020
GLM00004360,04360,65.6111,-37.6367,TASIILAQ (AMMASSALIK),1949,2020
GLM00004417,04417,72.5803,-38.4586,GEOSUMMIT,2012,2020
GMM00010035,10035,54.5333,9.55,SCHLESWIG,1954,2020
GMM00010113,10113,53.7139,7.1525,NORDERNEY,2011,2020
GMM00010184,10184,54.0978,13.4075,GREIFSWALD,1950,2020
GMM00010238,10238,52.8153,9.9247,BERGEN,1969,2020
GMM00010304,10304,52.7156,7.3175,MEPPEN,1972,2020
GMM00010393,10393,52.2167,14.1167,LINDENBERG,1905,2020
GMM00010410,10410,51.4056,6.9686,ESSEN-BREDENEY,1965,2020
GMM00010548,10548,50.5617,10.3772,MEININGEN,1969,2020
GMM00010618,10618,49.6928,7.3264,IDAR-OBERSTEIN,1971,2020
GMM00010739,10739,48.8333,9.2,STUTTGART/SCHNARRENBERG,1957,2020
GMM00010771,10771,49.4283,11.9022,KUEMMERSBRUCK,1969,2020
GMM00010868,10868,48.2442,11.5525,MUENCHEN-OBERSCHLEISSHEIM,1976,2020
GMM00010954,10954,47.8342,10.8667,ALTENSTADT,1977,2020
GMM00010962,10962,47.8019,11.0119,HOHENPEISSENBERG,1982,2020
GQM00091212,91212,13.4767,144.7944,WEATHER FORECAST OFFICE,1945,2020
GRM00016622,16622,40.5272,22.9714,THESSALONIKI (AIRPORT),1955,2020
GRM00016716,16716,37.8897,23.7417,ATHINAI HELLINIKON,1949,2020
GRM00016754,16754,35.3353,25.1819,HERAKLEION (AIRPORT),1964,2020
HKM00045004,45004,22.3272,114.1686,KOWLOON,1949,2020
HRM00014240,14240,45.8219,16.0336,ZAGREB/MAKSIMIR,1955,2020
HRM00014430,14430,44.0969,15.3403,ZADAR RS,1982,2020
HUM00012843,12843,47.4333,19.1833,BUDAPEST/PESTSZENTLORINC,1949,2020
HUM00012982,12982,46.25,20.1,SZEGED,1965,2020
ICM00004018,04018,63.9806,-22.595,KEFLAVIKURFLUGVOLLUR,1946,2020
ICM00004089,04089,65.2833,-14.4,EGILSSTADIR,1996,2020
IDM00096009,96009,5.1833,97.1333,LHOKSEUMAWE/MALIKUSSALEH,1983,2020
IDM00096011,96011,5.5167,95.4167,BANDA ACEH/BLANG BINTANG,1973,2020
IDM00096015,96015,4.25,96.1167,MEULABOH/CUT NYAK DHIEN,1995,2020
IDM00096035,96035,3.6403,98.8786,KUALANAMU MEDAN,1973,2020
IDM00096073,96073,1.55,98.8833,SIBOLGA/PINANGSORI,1973,2020
IDM00096075,96075,1.2667,97.6,GUNUNG SITOLI/BINAKA,1989,2020
IDM00096091,96091,0.9167,104.5333,TANJUNG PINANG/KIJANG,1975,2020
IDM00096109,96109,0.4667,101.45,PEKAN BARU/SIMPANGTIGA,1973,2020
IDM00096145,96145,3.2,106.25,TAREMPA,1980,2020
IDM00096147,96147,3.95,108.3833,RANAI,1978,2020
IDM00096163,96163,-0.7883,100.2808,MIA PADANG,1973,2020
IDM00096171,96171,-0.3333,102.3167,RENGAT/JAPURA,1975,2020
IDM00096179,96179,-0.4833,104.5833,SINGKEP/DABO,1978,2020
IDM00096195,96195,-1.6333,103.65,JAMBI/SULTAN TAHA,1973,2020
IDM00096207,96207,-2.0939,101.4698,KERINCI/DEPATI PARBO,2007,2020
IDM00096221,96221,-2.9,104.7,PALEMBANG/ST. M. BADARUDIN II,1973,2020
IDM00096237,96237,-2.1667,106.1333,PANGKAL PINANG,1973,2020
IDM00096249,96249,-2.75,107.75,TANJUNG PANDAN/BULUH TUMBANG,1975,2020
IDM00096253,96253,-3.8833,102.3333,BENGKULU/PADANG KEMILING,1973,2020
IDM00096295,96295,-5.1,105.1833,TANJUNG KARANG/RADIN INTEN II,1976,2020
IDM00096509,96509,3.3333,117.5667,TARAKAN/JUWATA,1973,2020
IDM00096535,96535,1.7667,109.3,PALOH,1997,2020
IDM00096565,96565,0.8833,112.9333,PUTUSSIBAU/PAGSUMA,1998,2020
IDM00096581,96581,-0.15,109.4,PONTIANAK/SUPADIO,1974,2020
IDM00096595,96595,-0.95,114.9,MUARA TEWEH/BERINGIN,1994,2020
IDM00096607,96607,-0.4844,117.1569,SAMARINDA/TEMINDUNG,1993,2020
IDM00096633,96633,-1.2667,116.9,BALIKPAPAN/SEPINGGAN,1973,2020
IDM00096645,96645,-2.7,111.7,PANGKALAN BUN/ISKANDAR,1983,2020
IDM00096655,96655,-2.225,113.9428,PALANGKA RAYA/TJILIK RIWUT,1984,2020
IDM00096685,96685,-3.4333,114.75,BANJARMASIN/SYAMSUDIN NOOR,1973,2020
IDM00096737,96737,-6.1167,106.1333,SERANG,1984,2020
IDM00096739,96739,-6.2333,106.65,CURUG/BUDIARTO,1975,2020
IDM00096749,96749,-6.1167,106.65,JAKARTA/SOEKARNO-HATTA,1909,2020
IDM00096791,96791,-6.75,108.2667,CIREBON/JATIWANGI,1984,2020
IDM00096797,96797,-6.85,109.15,TEGAL,1983,2020
IDM00096805,96805,-7.7333,109.0167,CILACAP,1973,2020
IDM00096839,96839,-6.9833,110.3833,SEMARANG/AHMAD YANI,1973,2020
IDM00096925,96925,-5.85,112.6333,SANGKAPURA (BAWEAN IS.),1973,2020
IDM00096935,96935,-7.3772,112.7939,JUANDA SURABAYA,1957,2020
IDM00096973,96973,-7.05,113.9667,KALIANGET (MADURA IS),1983,2020
IDM00096987,96987,-8.2167,114.3833,BANYUWANGI,1986,2020
IDM00097008,97008,3.5833,125.4667,NAHA/TAHUNA,1990,2020
IDM00097014,97014,1.5333,124.9167,MENADO/ SAM RATULANGI,1973,2020
IDM00097028,97028,1.0167,120.8,TOLI-TOLI/LALOS,1985,2020
IDM00097048,97048,0.5167,123.0667,GORONTALO/JALALUDDIN,1976,2020
IDM00097072,97072,-0.6833,119.7333,PALU/MUTIARA,1975,2020
IDM00097086,97086,-1.0405,122.7709,LUWUK/BUBUNG,1991,2020
IDM00097096,97096,-1.3833,120.7333,POSO/KASIGUNCU,1984,2020
IDM00097120,97120,-3.5,119,MAJENE,1996,2020
IDM00097180,97180,-5.0667,119.55,UJUNG PANDANG/HASANUDDIN,1973,2020
IDM00097192,97192,-5.4667,122.6167,BAU-BAU/BETO AMBARI,1992,2020
IDM00097230,97230,-8.75,115.1667,DENPASAR/NGURAH RAI,1973,2020
IDM00097240,97240,-8.55,116.0833,PRAYA LOMBOK,1979,2020
IDM00097260,97260,-8.4333,117.4167,SUMBAWA BESAR/BRANGBIJI,1976,2020
IDM00097270,97270,-8.55,118.7,BIMA/M.SALAHUDDIN,1989,2020
IDM00097300,97300,-8.6333,122.25,MAUMERE/WAI OTI,1979,2020
IDM00097340,97340,-9.6667,120.3333,WAINGAPU/MAU HAU,1974,2020
IDM00097372,97372,-10.1667,123.6667,KUPANG/ELTARI,1973,2020
IDM00097430,97430,0.7667,127.3667,TERNATE/BABULLAH,1983,2020
IDM00097460,97460,-0.6333,127.5,LABUHA/OESMAN SADIK,1996,2020
IDM00097502,97502,-0.8939,131.2858,DEO SORONG,1987,2020
IDM00097560,97560,-1.1833,136.1167,BIAK/FRANS KAISIEPO,1973,2020
IDM00097600,97600,-2.0833,126,SANANA,1980,2020
IDM00097686,97686,-4.0667,138.95,WAMENA,1991,2020
IDM00097690,97690,-2.5667,140.4833,JAYAPURA/SENTANI,1973,2020
IDM00097724,97724,-3.7,128.0833,AMBON/PATTIMURA,1978,2020
IDM00097748,97748,-3.8,130.8333,GESER,1984,2020
IDM00097810,97810,-5.6833,132.75,TUAL/DUMATUBUN,1979,2020
IDM00097876,97876,-6.1,140.3,TANAH MERAH,1995,2020
IDM00097900,97900,-7.9833,131.3,SAUMLAKI/OLILIT,1978,2020
IDM00097980,97980,-8.4667,140.3833,MERAUKE/MOPAH,1987,2020
INM00042027,42027,34.0833,74.8333,SRINAGAR,1962,2020
INM00042056,42056,32.6667,74.8333,JAMMU,2015,2020
INM00042071,42071,31.6333,74.8667,AMRITSAR,1957,2020
INM00042079,42079,31.5333,76.9,SUNDERNAGAR,2016,2020
INM00042101,42101,30.3333,76.4667,PATIALA,1975,2020
INM00042103,42103,30.3833,76.7667,AMBALA,1928,2020
INM00042111,42111,30.3167,78.0333,DEHRADUN,1973,2020
INM00042165,42165,28,73.3,BIKANER,1973,2020
INM00042182,42182,28.5833,77.2,NEW DELHI/SAFDARJUNG,1930,2020
INM00042189,42189,28.3667,79.4,BAREILLY,1973,2020
INM00042299,42299,27.3333,88.6167,GANGTOK,2016,2020
INM00042314,42314,27.4833,95.0167,DIBRUGARH /MOHANBARI,1945,2020
INM00042328,42328,26.9,70.9167,JAISALMER,2015,2020
INM00042339,42339,26.3,73.0167,JODHPUR,1935,2020
INM00042348,42348,26.8167,75.8,JAIPUR / SANGANER,1973,2020
INM00042361,42361,26.2333,78.25,GWALIOR,1938,2020
INM00042369,42369,26.75,80.8833,LUCKNOW/AMAUSI,1967,2020
INM00042379,42379,26.75,83.3667,GORAKHPUR,1973,2020
INM00042399,42399,26.5333,88.7167,JALPAIGURI,2015,2020
INM00042410,42410,26.1,91.5833,GUWAHATI,1956,2020
INM00042435,42435,25.75,71.3833,BARMER,2015,2020
INM00042452,42452,25.15,75.85,KOTA AERODROME,2015,2020
INM00042492,42492,25.6,85.1667,PATNA,1928,2020
INM00042498,42498,25.2333,86.95,BHAGALPUR,1973,2020
INM00042539,42539,24.2,72.2,DEESA,1973,2020
INM00042542,42542,24.6167,73.8833,UDAIPUR DABOK,1976,2020
INM00042591,42591,24.75,84.95,GAYA,1938,2020
INM00042623,42623,24.7667,93.9,IMPHAL/TULIHAL,1973,2020
INM00042634,42634,23.25,69.8,BHUJ-RUDRAMATA,1973,2020
INM00042647,42647,23.0667,72.6333,AHMADABAD,1928,2020
INM00042667,42667,23.2833,77.35,BHOPAL/BAIRAGHAR,1973,2020
INM00042701,42701,23.3167,85.3167,M.O. RANCHI,1929,2020
INM00042706,42706,23.3833,87.0833,BANKURA,2015,2020
INM00042724,42724,23.8833,91.25,AGARTALA,1973,2020
INM00042798,42798,22.8167,86.1833,JAMSHEDPUR,1941,2020
INM00042809,42809,22.65,88.45,KOLKATA/DUM DUM,1938,2020
INM00042867,42867,21.1,79.05,NAGPUR SONEGAON,1946,2020
INM00042874,42874,21.2333,81.65,PBO RAIPUR,1973,2020
INM00042886,42886,21.9167,84.0833,JHARSIGUDA,1973,2020
INM00042971,42971,20.25,85.8333,BHUBANESHWAR,1971,2020
INM00043003,43003,19.1167,72.85,BOMBAY / SANTACRUZ,1938,2020
INM00043014,43014,19.85,75.4,AURANGABAD CHIKALTHANA AERODRO,1973,2020
INM00043041,43041,19.0833,82.0333,JAGDALPUR,1973,2020
INM00043049,43049,19.2667,84.8833,GOPALPUR,1973,2020
INM00043063,43063,18.5333,73.85,PUNE,1926,2020
INM00043110,43110,16.9833,73.3333,RATNAGIRI,1973,2020
INM00043128,43128,17.45,78.4667,HYDERABAD AIRPORT,1929,2020
INM00043150,43150,17.6833,83.3,VISHAKHAPATNAM/WALTAIR,1938,2020
INM00043185,43185,16.2,81.15,MACHILIPATNAM/FRANCHPET,1983,2020
INM00043192,43192,15.4833,73.8167,GOA/PANJIM,1954,2020
INM00043201,43201,15.4167,75.6333,GADAG,1973,2020
INM00043279,43279,13,80.1833,CHENNAI/MINAMBAKKAM,1926,2020
INM00043285,43285,12.95,74.8333,MANGALORE/PANAMBUR,1973,2020
INM00043295,43295,12.9667,77.5833,BANGALORE,1926,2020
INM00043311,43311,11.1167,72.7333,AMINIDIVI,1973,2020
INM00043333,43333,11.6667,92.7167,PORT BLAIR,1926,2020
INM00043346,43346,10.9167,79.8333,KARAIKAL,1973,2020
INM00043353,43353,9.9333,76.2333,COCHIN (IN-NAVY),1967,2020
INM00043369,43369,8.3,73.15,MINICOY,1965,2020
INM00043371,43371,8.4833,76.95,THIRUVANANTHAPURAM,1928,2020
IRM00040706,40706,38.0833,46.2833,TABRIZ,1970,2020
IRM00040745,40745,36.2667,59.6333,MASHHAD,1969,2020
IRM00040754,40754,35.6833,51.3167,TEHRAN-MEHRABAD,1961,2020
IRM00040766,40766,34.35,47.15,KERMANSHAH,1973,2020
IRM00040800,40800,32.5175,51.7061,ESFAHAN,1969,2020
IRM00040809,40809,32.8667,59.2,BIRJAND,1989,2020
IRM00040811,40811,31.3333,48.6667,AHWAZ,1989,2020
IRM00040841,40841,30.25,56.9667,KERMAN,1967,2020
IRM00040848,40848,29.5333,52.6,SHIRAZ,1968,2020
IRM00040856,40856,29.4667,60.8833,ZAHEDAN,2005,2020
ISM00040179,40179,32,34.8167,BET DAGAN,1963,2020
ITM00016045,16045,45.9806,13.0592,UDINE/RIVOLTO RDS,2016,2020
ITM00016080,16080,45.4614,9.2831,MILANO LINATE RDS,1949,2020
ITM00016113,16113,44.5392,7.6125,CUNEO-LEVALDIGI RDS,2000,2020
ITM00016144,16144,44.6539,11.6225,S. PIETRO CAPOFIUME RDS,1986,2020
ITM00016245,16245,41.67,12.4508,PRATICA DI MARE RDS,1986,2020
ITM00016320,16320,40.6603,17.9567,BRINDISI RDS,1953,2020
ITM00016429,16429,37.9142,12.4914,TRAPANI BIRGI RDS,1974,2020
ITM00016546,16546,39.3461,8.9675,DECIMOMANNU RDS,2012,2020
IVM00065548,65548,7.383,-7.517,MAN,1973,2020
IVM00065578,65578,5.25,-3.9333,ABIDJAN,1940,2020
JAM00047401,47401,45.415,141.6789,WAKKANAI,1949,2020
JAM00047412,47412,43.06,141.3286,SAPPORO,1949,2020
JAM00047418,47418,42.9531,144.4375,KUSHIRO,2010,2020
JAM00047580,47580,40.7053,141.3719,MISAWA AB,1948,2020
JAM00047582,47582,39.7175,140.0992,AKITA,1956,2020
JAM00047600,47600,37.3914,136.8953,WAJIMA,1956,2020
JAM00047646,47646,36.0581,140.1258,TATENO,1949,2020
JAM00047678,47678,33.1217,139.7792,HACHIJOJIMA,1958,2020
JAM00047741,47741,35.4572,133.0656,MATSUE,2010,2020
JAM00047778,47778,33.4503,135.7572,SHIONOMISAKI,1956,2020
JAM00047807,47807,33.5822,130.3764,FUKUOKA,1947,2020
JAM00047827,47827,31.555,130.5481,KAGOSHIMA,1956,2020
JAM00047909,47909,28.3942,129.5528,NAZE/FUNCHATOGE,1957,2020
JAM00047918,47918,24.3367,124.1644,ISHIGAKIJIMA,1964,2020
JAM00047945,47945,25.8289,131.2286,MINAMIDAITOJIMA,1961,2020
JAM00047971,47971,27.0922,142.1914,CHICHIJIMA,1967,2020
JAM00047991,47991,24.2883,153.9833,MINAMITORISHIMA,1951,2020
JMM00078397,78397,18.0667,-76.85,COOPERS HILL,1956,2020
JNM00001001,01001,70.9397,-8.6678,JAN MAYEN,1949,2020
JOM00040265,40265,32.3667,36.25,MAFRAQ,1963,2020
KEM00063741,63741,-1.3036,36.7597,DAGORETTI CORNER,1949,2020
KRM00091610,91610,1.35,172.9167,TARAWA,1958,2020
KSM00047101,47101,37.9025,127.7358,CHUNCHEON,1970,2020
KSM00047122,47122,37.0833,127.0333,OSAN AB,1957,2020
KSM00047138,47138,36.0319,129.38,POHANG,1967,2020
KSM00047158,47158,35.1167,126.8,GWANGJU AB,1973,2020
KSM00047169,47169,34.6872,125.4511,HEUKSANDO,2003,2020
KZM00028951,28951,53.2333,63.6167,KOSTANAI,1950,2020
KZM00035229,35229,50.2833,57.15,AKTOBE,1946,2020
KZM00035394,35394,49.8,73.15,KARAGANDA,1946,2020
KZM00035671,35671,47.8,67.7167,ZHEZKAZGAN,1961,2020
KZM00035700,35700,47.1167,51.9167,ATYRAU,1951,2020
KZM00036003,36003,52.3,76.9333,PAVLODAR,1958,2020
KZM00036872,36872,43.3633,77.0042,ALMATY,1940,2020
KZM00038064,38064,44.7667,65.5167,KYZYLORDA,1950,2020
KZM00038341,38341,42.85,71.3,TARAZ,1956,2020
LGM00026435,26435,56.6425,25.1283,SKRIVERI,2006,2020
LOM00011952,11952,49.0333,20.3167,POPRAD-GANOVCE,1977,2020
MAM00067027,67027,-15.6667,46.35,MAHAJANGA,1973,2020
MAM00067083,67083,-18.8,47.4833,ANTANANARIVO/IVATO,1967,2020
MAM00067095,67095,-18.1167,49.4,TOAMASINA,1973,2020
MGM00044212,44212,49.8,92.0833,ULAANGOM,1971,2020
MGM00044231,44231,49.6333,100.1667,MUREN,1971,2020
MGM00044292,44292,47.9167,106.8667,ULAANBAATAR,1956,2020
MGM00044373,44373,43.5833,104.4167,DALANZADGAD,1959,2020
MLM00061265,61265,14.5167,-4.1,MOPTI,1973,2020
MOM00060155,60155,33.5667,-7.6667,CASABLANCA,1949,2020
MPM00061995,61995,-20.2975,57.4947,VACOAS (MAURITIUS),1966,2020
MRM00061442,61442,18.1,-15.95,NOUAKCHOTT,1941,2020
MUM00041256,41256,23.5953,58.2983,MUSCAT INT'L AIRPORT,1978,2020
MUM00041316,41316,17.0439,54.1022,SALALAH AIRPORT,1973,2020
MVM00043599,43599,-0.6933,73.1556,GAN,1961,2020
MXM00076225,76225,28.6667,-106.0333,CHIHUAHUA,1964,2020
MXM00076256,76256,27.95,-110.8,EMPALME,1964,2020
MXM00076394,76394,25.8667,-100.2333,"AEROP.INTERNACIONAL MONTERREY,",1964,2020
MXM00076405,76405,24.1167,-110.3167,LA PAZ,1975,2020
MXM00076458,76458,23.2167,-106.4,COLONIA JUAN CARRASCO MAZATLAN,1948,2020
MXM00076526,76526,22.75,-102.5,"ZACATECAS,ZAC.",2000,2020
MXM00076595,76595,21.0167,-86.85,CANCUN,1995,2020
MXM00076612,76612,20.7,-103.3833,GUADALAJARA,1979,2020
MXM00076644,76644,20.95,-89.65,AEROP.INTERNACIONAL MERIDA,1948,2020
MXM00076654,76654,19.0667,-104.3333,MANZANILLO,1976,2020
MXM00076679,76679,19.4333,-99.1333,AEROP. INTERNACIONAL MEXICO,1948,2020
MXM00076692,76692,19.15,-96.1333,"HACIENDA YLANG YLANG VERACRUZ,",1952,2020
MXM00076743,76743,17.9833,-92.9333,VILLAHERMOSA,2005,2020
MXM00076805,76805,16.75,-99.75,ACAPULCO,1974,2020
MXM00076903,76903,14.9167,-92.25,TAPACHULA,2011,2020
MYM00048601,48601,5.3,100.2667,PENANG/BAYAN LEPAS,1968,2020
MYM00048615,48615,6.1667,102.2833,KOTA BHARU,1973,2020
MYM00048650,48650,2.7167,101.7,KUALA LUMPUR INTERNATIONAL AIR,1999,2020
MYM00048657,48657,3.7833,103.2167,KUANTAN,1971,2020
MYM00096413,96413,1.4833,110.3333,KUCHING,1973,2020
MYM00096441,96441,3.2,113.0333,BINTULU,1973,2020
MYM00096471,96471,5.9333,116.05,KOTA KINABALU,1969,2020
MYM00096481,96481,4.2667,117.8833,TAWAU,1979,2020
NFM00094996,94996,-29.0389,167.9408,NORFOLK ISLAND AERO,1943,2020
NGM00061052,61052,13.4833,2.1667,NIAMEY-AERO,1940,2020
NIM00065046,65046,12.05,8.5333,KANO,1972,2020
NLM00006260,06260,52.0989,5.1797,DE BILT AWS,1911,2020
NOM00001415,01415,58.8742,5.665,STAVANGER/SOLA,1949,2020
NZM00093112,93112,-36.7928,174.6214,WHENUAPAI,1957,2020
NZM00093417,93417,-40.9044,174.9839,PARAPARAUMU AERODROME,1973,2020
NZM00093844,93844,-46.4108,168.3178,INVERCARGILL AIRPORT,1950,2020
NZM00093997,93997,-29.2447,-177.9289,RAOUL ISLAND,1952,2020
PAM00086218,86218,-25.2333,-57.5167,AEROPUERTO SILVIO PETTIROSSI,1975,2020
PEM00084628,84628,-12.0167,-77.1167,LIMA/CALLAO,1957,2020
PFM00059981,59981,16.8333,112.3333,XISHA DAO,1958,2020
PKM00041598,41598,32.9333,73.7167,JHELUM,1949,2020
PKM00041624,41624,31.8167,70.9167,DERA ISMAIL KHAN,1935,2020
PKM00041640,41640,31.55,74.3333,LAHORE CITY,1960,2020
PKM00041661,41661,30.2667,66.9167,QUETTA (SHEIKH MANDA),1926,2020
PKM00041675,41675,30.2,71.4333,MULTAN,1940,2020
PKM00041715,41715,28.3,68.4667,JACOBABAD,1935,2020
PKM00041718,41718,28.65,70.6833,KHANPUR,1949,2020
PKM00041749,41749,26.25,68.3667,NAWABSHAH,1973,2020
PKM00041768,41768,25.5167,69.7833,CHHOR,1949,2020
PKM00041780,41780,24.9,67.1333,KARACHI AIRPORT,1926,2020
PLM00012120,12120,54.7536,17.5347,LEBA,1972,2020
PLM00012374,12374,52.4078,20.9564,LEGIONOWO,1956,2020
PLM00012425,12425,51.1131,16.8811,WROCLAW I,1956,2020
PMM00078807,78807,8.9667,-79.5667,COROZAL OESTE,1946,2020
POM00008508,08508,38.7678,-27.0856,LAJES (ACORES),1946,2020
POM00008522,08522,32.6333,-16.9,FUNCHAL,1948,2020
POM00008579,08579,38.7667,-9.1333,LISBOA/GAGO COUTINHO,1948,2020
PSM00091408,91408,7.3687,134.5412,KOROR,1950,2020
QAM00041169,41169,25.2731,51.6081,HAMAD INTERNATIONAL AIRPORT,1978,2020
RIM00013275,13275,44.7667,20.4167,BEOGRAD/KOSUTNJAK,1971,2020
RIM00013388,13388,43.3333,21.9,NIS,1973,2020
RMM00091366,91366,8.7333,167.7333,KWAJALEIN/BUCHOLZ AAF,1949,2020
RMM00091376,91376,7.0683,171.2942,MAJURO/MARSHALL IS. INTNL.,1952,2020
ROM00015420,15420,44.5106,26.0781,BUCURESTI BANEASA,1950,2020
RPM00098223,98223,18.1828,120.5342,LAOAG,1950,2020
RPM00098233,98233,17.6375,121.7525,TUGUEGARAO,2017,2020
RPM00098328,98328,16.4039,120.6014,BAGUIO,1973,2020
RPM00098433,98433,14.5814,121.3692,TANAY,2000,2020
RPM00098444,98444,13.1506,123.7283,LEGASPI,1973,2020
RPM00098618,98618,9.7403,118.7586,PUERTO PRINCESA,1973,2020
RPM00098646,98646,10.3222,123.98,MACTAN,1973,2020
RPM00098747,98747,8.4089,124.6119,LUMBIA AIRPORT,2014,2020
RPM00098753,98753,7.1278,125.6547,DAVAO AIRPORT,1978,2020
RQM00078526,78526,18.4317,-65.9919,PR SAN JUAN/INT.,1946,2020
RSM00020046,20046,80.6264,58.0589,POLARGMO IM. E.T. KRENKELJA,1957,2020
RSM00020292,20292,77.7131,104.2919,GMO IM.E.K. FEDOROVA,1919,2020
RSM00020674,20674,73.5136,80.4064,OSTROV DIKSON,1938,2020
RSM00020744,20744,72.3667,52.7,MALYE KARMAKULY,1950,2020
RSM00021432,21432,76,137.8667,OSTROV KOTEL'NYJ,1946,2020
RSM00021824,21824,71.5833,128.9167,TIKSI,1939,2020
RSM00021946,21946,70.6167,147.8833,CHOKURDAH,1955,2020
RSM00022217,22217,67.1692,32.3542,KANDALAKSHA,1957,2020
RSM00022271,22271,67.8767,44.1742,SHOJNA,1963,2020
RSM00022522,22522,64.95,34.65,KEM,1950,2020
RSM00022543,22543,64.6247,40.5114,ARHANGEL'SK,1939,2020
RSM00022820,22820,61.8167,34.2667,PETROZAVODSK,1957,2020
RSM00022845,22845,61.5067,38.9347,KARGOPOL,1962,2020
RSM00023078,23078,69.3472,88.2639,NORIL'SK,1974,2020
RSM00023205,23205,67.625,53.0175,NAR'JAN-MAR,1946,2020
RSM00023330,23330,66.5319,66.6744,SALEHARD,1948,2020
RSM00023415,23415,65.1167,57.1,PECHORA,1953,2020
RSM00023472,23472,65.7944,87.9889,TURUHANSK,1951,2020
RSM00023802,23802,61.6767,50.7806,SYKTYVKAR,1947,2020
RSM00023884,23884,61.5806,90.0306,BOR,1950,2020
RSM00023921,23921,60.6833,60.45,IVDEL,1953,2020
RSM00023933,23933,61.0278,69.1189,HANTY-MANSIJSK,1946,2020
RSM00023955,23955,60.4333,77.8667,ALEKSANDROVSKOE,1949,2020
RSM00024266,24266,67.5667,133.4,VERHOJANSK,1952,2020
RSM00024343,24343,66.7667,123.4,ZHIGANSK,1951,2020
RSM00024507,24507,64.2694,100.2167,TURA,1955,2020
RSM00024641,24641,63.7833,121.6167,VILJUJSK,1951,2020
RSM00024688,24688,63.25,143.15,OJMJAKON,1950,2020
RSM00024726,24726,62.5333,113.8667,MIRNVY,1966,2020
RSM00024908,24908,60.3361,102.2944,VANAVARA,1955,2020
RSM00024959,24959,62.0167,129.7167,JAKUTSK,1940,2020
RSM00025123,25123,68.75,161.2833,CHERSKIJ,1955,2020
RSM00025428,25428,65.2333,160.5333,OMOLON,1957,2020
RSM00025703,25703,62.9167,152.4167,SEJMCHAN,1955,2020
RSM00025913,25913,59.55,150.7833,MAGADAN,1950,2020
RSM00026298,26298,57.8833,34.0333,BOLOGOE,1952,2020
RSM00026477,26477,56.35,30.6167,VELIKIE LUKI,1960,2020
RSM00026702,26702,54.7264,20.5583,KALININGRAD,1939,2020
RSM00026781,26781,54.75,32.0667,SMOLENSK,1939,2020
RSM00027038,27038,59.3183,39.9256,VOLOGDA,1947,2020
RSM00027199,27199,58.5667,49.5667,KIROV,1947,2020
RSM00027459,27459,56.2667,44,NIZHNIJ NOVGOROD,1946,2020
RSM00027707,27707,54.1,35.35,SUHINICHI,1961,2020
RSM00027730,27730,54.6333,39.7,RYAZAN,1962,2020
RSM00027962,27962,53.1228,45.0189,PENZA,1961,2020
RSM00027995,27995,52.9833,49.4333,SAMARA (BEZENCHUK),1951,2020
RSM00028225,28225,57.9583,56.1972,PERM,1961,2020
RSM00028275,28275,58.15,68.25,TOBOL'SK,1951,2020
RSM00028445,28445,56.7333,61.0667,EKATERINBURG (VERHNEE DUBROVO),1946,2020
RSM00028661,28661,55.4567,65.4011,KURGAN,1955,2020
RSM00028722,28722,54.7106,55.815,UFA-DIOMA,1946,2020
RSM00029231,29231,58.3167,82.95,KOLPASEVO,1951,2020
RSM00029263,29263,58.4528,92.2028,ENISEJSK,1964,2020
RSM00029282,29282,58.3833,97.45,BOGUCANY,1951,2020
RSM00029572,29572,56.1806,92.6056,EMEL' YANOVO,1995,2020
RSM00029612,29612,55.3544,78.3083,BARABINSK,1958,2020
RSM00029634,29634,54.9667,82.95,NOVOSIBIRSK,1946,2020
RSM00029698,29698,54.8833,99.0333,NIZHNEUDINSK,1950,2020
RSM00029839,29839,53.5,83.8333,BARNAUL,1963,2020
RSM00029862,29862,53.7667,91.3167,ABAKAN,1960,2020
RSM00030054,30054,59.45,112.5833,VITIM,1951,2020
RSM00030230,30230,57.7667,108.0667,KIRENSK,1950,2020
RSM00030309,30309,56.2833,101.75,BRATSK,1967,2020
RSM00030372,30372,56.9,118.2667,CHARA,1967,2020
RSM00030635,30635,53.4167,109.0167,UST'-BARGUZIN,1960,2020
RSM00030673,30673,53.75,119.7333,MOGOCHA,1953,2020
RSM00030715,30715,52.4833,103.85,ANGARSK,1988,2020
RSM00030758,30758,52.0833,113.4833,CHITA,1940,2020
RSM00030935,30935,50.3667,108.75,KRASNYJ CHIKOJ,1951,2020
RSM00030965,30965,50.4,116.5167,BORZYA,1957,2020
RSM00031004,31004,58.6167,125.3667,ALDAN,1950,2020
RSM00031088,31088,59.3667,143.2,OHOTSK,1951,2020
RSM00031168,31168,56.45,138.15,AYAN,1950,2020
RSM00031300,31300,53.7414,127.2764,ZEJA,1955,2020
RSM00031369,31369,53.1475,140.6939,NIKOLAEVSK-NA-AMURE,1951,2020
RSM00031510,31510,50.2803,127.4783,BLAGOVESCETNSK,1940,2020
RSM00031538,31538,50.0667,132.1333,SUTUR,1958,2020
RSM00031736,31736,48.5333,135.2333,HABAROVSK,1940,2020
RSM00031770,31770,49,140.3,SOVETSKAYA GAVAN,1964,2020
RSM00031873,31873,45.8667,133.7333,DAL'NERECHENSK,1957,2020
RSM00031977,31977,43.2667,132.05,VLADIVOSTOK (SAD GOROD),1940,2020
RSM00032061,32061,50.9,142.1667,ALEKSANDROVSK-SAHALINSKIJ,1951,2020
RSM00032098,32098,49.2167,143.1,PORONAJSK,1970,2020
RSM00032150,32150,46.95,142.7167,JUZHNO-SAHALINSK,1948,2020
RSM00032215,32215,50.6833,156.1333,SEVERO-KURIL'SK,1998,2020
RSM00032389,32389,56.3167,160.8333,KLJUCHI,1950,2020
RSM00032477,32477,54.3,155.9167,SOBOLEVO,1967,2020
RSM00032540,32540,53.0833,158.5833,PETROPAVLOVSK-KAMCHATSKIJ,1948,2020
RSM00032618,32618,55.2,165.9833,OSTROV BERINGA,1957,2020
RSM00034009,34009,51.7667,36.1667,KURSK,1946,2020
RSM00034122,34122,51.65,39.25,VORONEZ,1939,2020
RSM00034172,34172,51.5567,46.0394,SARATOV,1947,2020
RSM00034247,34247,50.4167,41.05,KALACH,1961,2020
RSM00034467,34467,48.7833,44.3333,VOLGOGRAD,1947,2020
RSM00034731,34731,47.25,39.8167,ROSTOV-NA-DONU,1939,2020
RSM00034858,34858,45.9167,43.35,DIVNOE,1957,2020
RSM00034882,34882,46.2833,47.9833,ASTRAHAN,1939,2020
RSM00035121,35121,51.6925,55.0783,ORENBURG,1939,2020
RSM00036096,36096,51.7103,94.4917,KYZYL,1955,2020
RSM00037011,37011,44.1,39.0333,TUAPSE,1950,2020
RSM00037055,37055,44.2167,43.1,MINERAL'NYE VODY,1947,2020
RSM00037259,37259,43,47.5,MAHACHKALA,1963,2020
SAM00040373,40373,28.3167,46.1333,AL-QAISUMAH,1977,2020
SAM00040375,40375,28.3833,36.6,TABUK,1976,2020
SAM00040394,40394,27.4333,41.6833,HAIL,1986,2020
SAM00040417,40417,26.45,49.8167,K.F.I.A.,1998,2020
SAM00040430,40430,24.55,39.7,AL-MADINAH,1975,2020
SAM00040437,40437,24.9333,46.7167,KING KHALED INT. AIRPORT,1984,2020
SAM00041024,41024,21.7,39.1833,JEDDAH,1966,2020
SAM00041112,41112,18.2333,42.65,ABHA,1999,2020
SEM00063985,63985,-4.6833,55.5167,SEYCHELLES INTER. AIRPORT,1973,2020
SFM00068263,68263,-25.91,28.2111,PRETORIA (IRENE),1974,2020
SFM00068424,68424,-28.4136,21.2597,UPINGTON,1973,2020
SFM00068442,68442,-29.1,26.3,BLOEMFONTEIN AIRPORT,1966,2020
SFM00068512,68512,-29.6719,17.8875,SPRINGBOK,1987,2020
SFM00068538,68538,-30.6747,23.9992,DE AAR,1993,2020
SFM00068816,68816,-33.97,18.6,CAPE TOWN INTNL. AIRPORT,1949,2020
SFM00068842,68842,-33.9844,25.6108,PORT ELIZABETH,1967,2020
SFM00068994,68994,-46.8831,37.8669,MARION ISLAND,1949,2020
SGM00061687,61687,13.7697,-13.6797,TAMBACOUNDA,1940,2020
SHM00061901,61901,-15.9419,-5.6672,ST. HELENA IS.,1977,2020
SIM00014015,14015,46.0656,14.5122,LJUBLJANA/BEZIGRAD,1996,2020
SNM00048698,48698,1.3667,103.9833,SINGAPORE/CHANGI AIRPORT,1955,2020
SPM00008001,08001,43.3658,-8.4214,LA CORUNA,1958,2020
SPM00008023,08023,43.4911,-3.8006,SANTANDER,1973,2020
SPM00008190,08190,41.3844,2.1181,BARCELONA SERVEI,2007,2020
SPM00008221,08221,40.4653,-3.5797,MADRID/BARAJAS RS,1950,2020
SPM00008302,08302,39.6058,2.7067,MALLORCA-SON BONET,1958,2020
SPM00008430,08430,38.0019,-1.1708,MURCIA,1984,2020
SPM00060018,60018,28.3183,-16.3822,TENERIFE-GUIMAR,2002,2020
SVM00001004,01004,78.9233,11.9222,NY-ALESUND II,1992,2020
SVM00001028,01028,74.5039,19.0011,BJORNOYA,1957,2020
SWM00002365,02365,62.5317,17.4361,SUNDSVALL HARNOSAND,1965,2020
SWM00002527,02527,57.6572,12.2911,GOTEBORG/LANDVETTER,1977,2020
SWM00002591,02591,57.65,18.35,VISBY AEROLOGISKA STATION,1977,2020
TDM00078970,78970,10.6167,-61.35,PIARCO INT. AIRPORT,1969,2020
THM00048327,48327,18.7706,98.9683,CHIANG MAI,1954,2020
THM00048378,48378,16.7961,100.2758,PHITSANULOK,1973,2020
THM00048381,48381,16.4608,102.7894,KHON KAEN,2016,2020
THM00048407,48407,15.25,104.8667,UBON RATCHATHANI,1962,2020
THM00048431,48431,14.9681,102.0858,NAKHON RATCHASIMA,1973,2020
THM00048453,48453,13.6664,100.6061,BANGNA AGROMET,2008,2020
THM00048477,48477,12.6914,100.9853,SATTAHIP,1973,2020
THM00048480,48480,12.6094,102.1039,CHANTHA BURI,1973,2020
THM00048500,48500,11.835,99.8103,PRACHUAP KHIRIKHAN,1973,2020
THM00048551,48551,9.1342,99.1519,SURAT THANI,1973,2020
THM00048565,48565,8.145,98.3144,PHUKET AIRPORT,1973,2020
THM00048568,48568,7.1819,100.6075,SONGKHLA,1954,2020
TOM00065387,65387,6.1667,1.25,LOME,1945,2020
TSM00060715,60715,36.8333,10.2333,TUNIS-CARTHAGE,1948,2020
TSM00060760,60760,33.9167,8.1667,TOZEUR,1969,2020
TUM00017030,17030,41.2833,36.3,SAMSUN,1952,2020
TUM00017064,17064,40.9,29.15,ISTANBUL BOLGE (KARTAL),1951,2020
TUM00017095,17095,39.9,41.2833,ERZURUM BOLGE,2006,2020
TUM00017130,17130,39.95,32.8833,ANKARA/CENTRAL,1949,2020
TUM00017196,17196,38.6833,35.4833,KAYSERI BOLGE,2016,2020
TUM00017220,17220,38.4333,27.1667,IZMIR/GUZELYALI,1952,2020
TUM00017240,17240,37.75,30.55,ISPARTA,1970,2020
TUM00017281,17281,37.9,40.2,DIYARBAKIR-BOLGE,1953,2020
TUM00017351,17351,36.9833,35.35,ADANA/BOLGE,1986,2020
TVM00091643,91643,-8.5167,179.2167,FUNAFUTI,1973,2020
TWM00058968,58968,25.0333,121.5167,TAIBEI,1957,2020
UCM00078988,78988,12.2,-68.9667,HATO AIRPORT,1956,2020
UKM00003005,03005,60.1392,-1.1847,LERWICK,1941,2020
UKM00003023,03023,57.3575,-7.385,SOUTH UIST RANGE,1998,2020
UKM00003238,03238,55.0197,-1.8817,ALBEMARLE,2002,2020
UKM00003354,03354,53.0056,-1.2511,NOTTINGHAM,1998,2020
UKM00003502,03502,52.1394,-4.5711,ABERPORTH,1969,2020
UKM00003559,03559,52.1039,-0.4214,CARDINGTON,1996,2020
UKM00003743,03743,51.2017,-1.8058,LARKHILL,1942,2020
UKM00003808,03808,50.2183,-5.3275,CAMBORNE,1949,2020
UKM00003882,03882,50.8994,0.3169,HERSTMONCEUX,1993,2020
UKM00003918,03918,54.5,-6.3333,CASTOR BAY,2002,2020
UPM00033317,33317,50.1667,27.0333,SHEPETIVKA,1957,2020
UPM00033345,33345,50.4,30.5667,KIEV,1939,2020
UPM00033393,33393,49.8167,23.95,L'VIV,1947,2020
UPM00033791,33791,48.0333,33.2167,KRYVYI RIH,1949,2020
UPM00033837,33837,46.4333,30.7667,ODESA,1939,2020
UPM00034300,34300,49.9667,36.1333,KHARKIV,1939,2020
USM00070026,70026,71.2889,-156.7833,AK BARROW/W. POST W. ROGERS,1932,2020
USM00070133,70133,66.8864,-162.6133,AK KOTZEBUE,1942,2020
USM00070200,70200,64.5072,-165.4347,AK NOME,1930,2020
USM00070219,70219,60.785,-161.84,AK BETHEL/BETHEL AIRPORT,1940,2020
USM00070231,70231,62.9583,-155.5978,AK MCGRATH,1942,2020
USM00070261,70261,64.8161,-147.8767,AK FAIRBANKS/INT.,1930,2020
USM00070273,70273,61.1567,-149.9864,AK ANCHORAGE/INT.,1938,2020
USM00070308,70308,57.15,-170.2167,AK ST. PAUL ISLANDS,1944,2020
USM00070316,70316,55.2011,-162.7164,AK COLD BAY,1946,2020
USM00070326,70326,58.6794,-156.6683,AK KING SALMON,1953,2020
USM00070350,70350,57.7431,-152.4867,AK KODIAK,1946,2020
USM00070361,70361,59.5167,-139.6667,AK YAKUTAT,1942,2020
USM00070398,70398,55.0389,-131.5778,AK ANNETTE ISLAND,1942,2020
USM00070414,70414,52.7167,174.1,AK SHEMYA AFB,1946,2020
USM00072201,72201,24.5531,-81.7886,FL KEY WEST/INT.,1919,2020
USM00072202,72202,25.7544,-80.3831,FL MIAMI,1945,2020
USM00072206,72206,30.4839,-81.7011,FL JACKSONVILLE/INTNL.,1926,2020
USM00072208,72208,32.895,-80.0275,SC CHARLESTON/MUN.,1932,2020
USM00072210,72210,27.7053,-82.4006,FL TAMPA BAY AREA,1931,2020
USM00072214,72214,30.4461,-84.2994,FL TALLAHASSEE/MUN.,1940,2020
USM00072215,72215,33.3558,-84.5672,GA PEACHTREE CITY,1994,2020
USM00072221,72221,30.4833,-86.5167,FL VALPARAISO/EGLIN AFB,1938,2020
USM00072230,72230,33.1789,-86.7822,AL BIRMINGHAM,1994,2020
USM00072233,72233,30.3369,-89.825,LA SLIDELL/MUN. LA,1988,2020
USM00072235,72235,32.3189,-90.08,MS JACKSON/ALLEN C. THOMPSON FIEL,1932,2020
USM00072240,72240,30.1253,-93.2161,LA LAKE CHARLES/MUN.,1940,2020
USM00072248,72248,32.4511,-93.8414,LA SHREVEPORT/REG.,1949,2020
USM00072249,72249,32.835,-97.2986,TX FORT WORTH,1937,2020
USM00072250,72250,25.9167,-97.4192,TX BROWNSVILLE/INT.,1929,2020
USM00072251,72251,27.7789,-97.5056,TX CORPUS CHRISTI/INT.,1953,2020
USM00072261,72261,29.3744,-100.9183,TX DEL RIO/INT.,1954,2020
USM00072265,72265,31.9425,-102.1892,TX MIDLAND/MIDLAND REG. AIRTERM,1930,2020
USM00072274,72274,32.2278,-110.9558,AZ TUCSON,1932,2020
USM00072293,72293,32.8333,-117.1167,CA SAN DIEGO/MIRAMAR,1946,2020
USM00072305,72305,34.7761,-76.8767,NC NEWPORT,1994,2020
USM00072317,72317,36.0981,-79.9428,NC GREENSBORO/G.-HIGH PT.,1928,2020
USM00072318,72318,37.2039,-80.4142,VA BLACKSBURG,1995,2020
USM00072327,72327,36.2469,-86.5617,TN NASHVILLE/OLD HICKORY,1937,2020
USM00072340,72340,34.835,-92.2594,AR LITTLE ROCK/ADAMS FLD,1947,2020
USM00072357,72357,35.1808,-97.4378,OK NORMAN/MAX WESTHEIMER A,1974,2020
USM00072363,72363,35.2331,-101.7092,TX AMARILLO/INTL.,1932,2020
USM00072364,72364,31.8728,-106.6981,TX SANTA TERESA,1932,2020
USM00072365,72365,35.0378,-106.6219,NM ALBUQUERQUE/INT.,1931,2020
USM00072376,72376,35.23,-111.8217,AZ FLAGSTAFF,1995,2020
USM00072381,72381,34.9167,-117.9,CA EDWARDS AFB,1942,2020
USM00072388,72388,36.05,-115.1833,NV AS VEGAS,1935,2020
USM00072393,72393,34.75,-120.5667,CA VANDENBERG AFB,1958,2020
USM00072402,72402,37.9333,-75.4833,VA WALLOPS ISLAND,1963,2020
USM00072403,72403,38.9767,-77.4858,VA STERLING,1960,2020
USM00072426,72426,39.4214,-83.8217,OH WILMINGTON,1943,2020
USM00072440,72440,37.2347,-93.4014,MO SPRINGFIELD/MUN.,1939,2020
USM00072451,72451,37.7614,-99.9686,KS DODGE CITY/MUN.,1940,2020
USM00072456,72456,39.0722,-95.6306,KS TOPEKA/MUN.,1953,2020
USM00072469,72469,39.7675,-104.8694,CO DENVER/STAPLETON INT.,1919,2020
USM00072476,72476,39.12,-108.525,CO GRAND JUNCTION/WALKER FIELD,1938,2020
USM00072489,72489,39.5681,-119.7967,NV RENO,1927,2020
USM00072493,72493,37.7444,-122.2236,CA OAKLAND/METROP. OAKLAND INT.,1928,2020
USM00072501,72501,40.865,-72.8628,NY UPTON,1994,2020
USM00072518,72518,42.6919,-73.8322,NY ALBANY,1930,2020
USM00072520,72520,40.5317,-80.2172,PA PITTSBURGH,1934,2020
USM00072528,72528,42.9411,-78.7189,NY BUFFALO/GREATER BUFFALO INT.,1929,2020
USM00072558,72558,41.32,-96.3669,NE VALLEY,1926,2020
USM00072562,72562,41.1328,-100.7,NE NORTH PLATTE/LEE BIRD,1930,2020
USM00072572,72572,40.7722,-111.9553,UT SALT LAKE CITY/INTNL UT.,1926,2020
USM00072582,72582,40.86,-115.7422,NV ELKO,1931,2020
USM00072597,72597,42.3769,-122.8822,OR MEDFORD/MEDFORD-JACKSON COUNTY,1926,2020
USM00072632,72632,42.6989,-83.4714,MI WHITE LAKE,1994,2020
USM00072634,72634,44.9075,-84.7189,MI GAYLORD,1996,2020
USM00072645,72645,44.4986,-88.1119,WI GREEN BAY/A.-STRAUBEL,1940,2020
USM00072649,72649,44.8497,-93.5647,MN CHANHASSEN,1937,2020
USM00072659,72659,45.4556,-98.4133,SD ABERDEEN/REG.,1994,2020
USM00072662,72662,44.0728,-103.21,SD RAPID CITY WFO,1939,2020
USM00072672,72672,43.0647,-108.4767,WY RIVERTON,1995,2020
USM00072681,72681,43.5672,-116.2114,ID BOISE/MUN.,1926,2020
USM00072694,72694,44.9092,-123.0083,OR SALEM/MCNARY,1956,2020
USM00072712,72712,46.8683,-68.0136,ME CARIBOU/MUN.,1940,2020
USM00072747,72747,48.5647,-93.3975,MN INT.FALLS/FALLS INT. MN.,1942,2020
USM00072764,72764,46.7717,-100.7594,ND BISMARCK/MUN.,1932,2020
USM00072768,72768,48.2067,-106.6256,MT GLASGOW/INT.,1943,2020
USM00072776,72776,47.4614,-111.3847,MT GREAT FALLS,1940,2020
USM00072786,72786,47.6806,-117.6267,WA SPOKANE,1926,2020
USM00072797,72797,47.9339,-124.5603,WA QUILLAYUTE,1966,2020
USM00074003,74003,40.1667,-112.9333,UT DUGWAY PRVGR,1944,2020
USM00074004,74004,32.8356,-114.4,AZ YUMA PROVING GROUNDS AZ,1992,2020
USM00074005,74005,32.8636,-114.0331,AZ YUMA PRVGR,2008,2020
USM00074389,74389,43.8925,-70.2572,ME GRAY,1940,2020
USM00074455,74455,41.6114,-90.5817,IA QUAD CITY,1935,2020
USM00074494,74494,41.6569,-69.9589,MA CHATHAM,1970,2020
USM00074560,74560,40.1517,-89.3383,IL LINCOLN,1995,2020
USM00074612,74612,35.6833,-117.6833,CA CHINA LAKE,1946,2020
USM00074646,74646,36.6,-97.5,OK LAMONT,2000,2020
USM00074794,74794,28.4667,-80.55,FL CAPE KENNEDY,1950,2020
USM00091165,91165,21.9933,-159.3467,HI LIHUE,1950,2020
USM00091285,91285,19.7183,-155.0583,HI HILO HI,1943,2020
UVM00065503,65503,12.35,-1.5167,OUAGADOUGOU,1940,2020
UVM00065510,65510,11.1667,-4.3,BOBO-DIOULASSO,1940,2020
VMM00048820,48820,21.0333,105.8,HA NOI,1953,2020
VMM00048839,48839,20.1333,107.7167,BACH LONG VI,2012,2020
VMM00048845,48845,18.6667,105.6833,VINH,1960,2020
VMM00048855,48855,16.0667,108.35,DA NANG,1962,2020
VMM00048870,48870,13.7667,109.2167,QUY NHON,1973,2020
VMM00048877,48877,12.2167,109.2167,NHA TRANG,1978,2020
VMM00048887,48887,10.9333,108.1,PHAN THIET,1978,2020
VMM00048900,48900,10.8167,106.6667,TAN SON HOA,1954,2020
VMM00048914,48914,9.1833,105.15,CA MAU,1974,2020
WAM00068110,68110,-22.5667,17.1,WINDHOEK,1986,2020
WIM00060096,60096,23.7111,-15.9308,DAKHLA,1974,2020
